{
  "cwd": "c:\\Users\\mancu\\WORK\\ITI_Agnelli\\STA_II\\infoCovid",
  "type": [
    "web",
    "pwa"
  ],
  "name": "infoCovid",
  "framework": "svelte",
  "template": "single-view",
  "cssPreProcessor": false,
  "bundler": "webpack",
  "webpack": {
    "developmentSourceMap": true,
    "productionSourceMap": true,
    "hashAssets": false,
    "preserveAssetsPaths": false,
    "inlineAssets": true
  },
  "theming": {
    "customColor": false,
    "color": "#007aff",
    "darkTheme": false,
    "iconFonts": true,
    "fillBars": false
  },
  "customBuild": false
}